,,,,,,,Real-Time,,Aggregated Analytics,,,,
Year,# of events/day,# of events/year,Event DB Size (TB),# Analytics Users,Write RPS,Peak Write RPS,Read RPS,Peak Read RPS,Read RPS,Peak Read RPS,Write Network Bandwidth (GB),Read Network Bandwidth (GB),Network Bandwidth (GB)
,,,98.96,,,,,,,,,,
1,"100,000,000,000.00","36,500,000,000,000.00",16.20925616,"100,000.00","1,157,407.41","3,472,222.22",150.00,450.00,150.00,450.00,0.5389598233,0.4190951586,0.9580549818
2,"110,000,000,000.00","40,150,000,000,000.00",17.83018178,"110,000.00","1,273,148.15","3,819,444.44",165.00,495.00,165.00,495.00,0.5928558056,0.4610046744,1.05386048
3,"121,000,000,000.00","44,165,000,000,000.00",19.61319995,"121,000.00","1,400,462.96","4,201,388.89",181.50,544.50,181.50,544.50,0.6521413862,0.5071051419,1.159246528
4,"133,100,000,000.00","48,581,500,000,000.00",21.57451995,"133,100.00","1,540,509.26","4,621,527.78",199.65,598.95,199.65,598.95,0.7173555248,0.5578156561,1.275171181
5,"146,410,000,000.00","53,439,650,000,000.00",23.73197194,"146,410.00","1,694,560.19","5,083,680.56",219.62,658.85,219.62,658.85,0.7890910773,0.6135972217,1.402688299